Filename,Authors,Dates
temp1, Johnny Lawrence, 07/27/2015
temp2, Johnny Lawrence, 04/16/2007
temp3, Jane Lawrence, 02/09/2018
temp4, Alfred Schwartz, 05/29/2024
temp5, Samantha Johnson, 07/17/2013
temp6, Alice Miller, 09/10/2008
temp7, Robert Brown, 09/07/2009
temp8, Samantha Johnson, 03/12/2001
temp9, Michael Smith, 08/14/2014
temp10, Emily Davis, 04/22/2007
temp11, David Wilson, 07/19/2006
temp12, Linda Anderson, 05/03/2019
temp13, Andrew Lee, 12/14/2003
temp14, Jennifer White, 08/29/2014
temp15, Thomas Turner, 10/27/2020
temp16, Olivia Harris, 11/07/2011
temp17, Daniel Moore, 05/08/2007
temp1, Jessica Allen, 08/11/2007
temp2, Christopher Wright, 10/13/2006
temp3, Patricia Scott, 04/14/2020
temp4, Matthew Green, 07/11/2013
temp5, Elizabeth Taylor, 01/07/2001
temp6, Charles Garcia, 07/05/2006
temp7, Amanda Martin, 12/15/2020
temp8, Brian Robinson, 05/30/2009
temp9, Karen Hall, 05/05/2002
temp10, Joseph Jackson, 08/02/2013
temp11, Megan Baker, 04/08/2006
temp12, Ryan Clark, 06/27/2006
temp13, Kimberly Turner, 05/14/2004
temp14, Nicholas Adams, 05/04/2007
temp15, Heather Lopez, 09/13/2021
temp16, Gary Baker, 02/07/2019
temp17, Emma Wilson, 11/13/2013
temp1, Ashley Johnson, 06/02/2008
temp2, Benjamin Davis, 01/12/2001
temp3, Sophia Martinez, 01/03/2001
temp4, Jack Wilson, 08/12/2007
temp5, Lily Anderson, 11/13/2011
temp6, Jackson Lee, 09/11/2009
temp7, Mia Moore, 04/23/2007
temp8, Ethan Smith, 08/21/2014
temp9, Grace Taylor, 03/03/2008
temp10, Aiden Turner, 11/24/2010
temp11, Ava Scott, 01/17/2007
temp12, Noah Garcia, 10/27/2013
temp13, Emma Martin, 03/17/2007
temp14, Liam Robinson, 12/07/2021
temp15, Sophia Hall, 01/23/2000
temp16, Lucas Baker, 06/21/2012
temp17, Isabella Harris, 07/25/2007
temp1, Oliver White, 06/02/2005
temp2, Emily Wilson, 09/27/2006
temp3, Alexander Turner, 09/02/2007
temp4, Ella Adams, 01/21/2007
temp5, Samuel Lopez, 11/07/2005
temp6, Scarlett Jackson, 08/31/2020
temp7, Henry Moore, 05/09/2006
temp8, Amelia Clark, 07/08/2007
temp9, Benjamin Taylor, 07/20/2008
temp10, Chloe Baker, 09/01/2007
temp11, Mason Robinson, 06/30/2020
temp12, Addison Martin, 01/01/2015
temp13, Elijah Davis, 07/15/2019
temp14, Natalie Harris, 01/17/2015
temp15, William Anderson, 12/05/2013
temp16, Zoe Lee, 07/08/2004
temp17, Jackson Smith, 11/19/2012
temp1, Ashley Johnson, 06/02/2008
temp2, Benjamin Davis, 01/12/2001
temp3, Sophia Martinez, 01/03/2001
temp4, Jack Wilson, 08/12/2007
temp5, Lily Anderson, 11/13/2011
temp6, Jackson Lee, 09/11/2009
temp7, Mia Moore, 04/23/2007
temp8, Ethan Smith, 08/21/2014
temp9, Grace Taylor, 03/03/2008
temp10, Aiden Turner, 11/24/2010
temp11, Ava Scott, 01/17/2007
temp12, Noah Garcia, 10/27/2013
temp13, Emma Martin, 03/17/2007
temp14, Liam Robinson, 12/07/2021
temp15, Sophia Hall, 01/23/2000
temp16, Lucas Baker, 06/21/2012
temp17, Isabella Harris, 07/25/2007
temp1, Oliver White, 06/02/2005
temp2, Emily Wilson, 09/27/2006
temp3, Alexander Turner, 09/02/2007
temp4, Ella Adams, 01/21/2007
temp5, Samuel Lopez, 11/07/2005
temp6, Scarlett Jackson, 08/31/2020
temp7, Henry Moore, 05/09/2006
temp8, Amelia Clark, 07/08/2007
temp9, Benjamin Taylor, 07/20/2008
temp10, Chloe Baker, 09/01/2007
temp11, Mason Robinson, 06/30/2020
temp12, Addison Martin, 01/01/2015
temp13, Elijah Davis, 07/15/2019
temp14, Natalie Harris, 01/17/2015
temp15, William Anderson, 12/05/2013
temp16, Zoe Lee, 07/08/2004
temp17, Jackson Smith, 11/19/2012
temp1, Olivia Wilson, 08/22/2007
temp2, Lucas Turner, 03/04/2001
temp3, Sophia Lee, 07/19/2005
temp4, Jackson Davis, 05/14/2011
temp5, Emma Baker, 06/21/2002
temp6, Benjamin Harris, 10/14/2017
temp7, Ava Turner, 04/11/2008
temp8, Lily Scott, 11/26/2010
temp9, Ethan Robinson, 08/17/2003
temp10, Mia Turner, 10/13/2011
temp11, Noah Baker, 06/26/2007
temp12, Grace Harris, 05/19/2015
temp13, Jackson Turner, 12/10/2009
temp14, Olivia Robinson, 03/04/2018
temp15, Mason Davis, 01/28/2007
temp16, Sophia Smith, 04/21/2016
temp17, Lily Baker, 09/16/2014
temp1, Benjamin Turner, 07/01/2017
temp2, Emma Clark, 02/12/2010
temp3, Jackson Turner, 03/29/2013
temp4, Mia Adams, 05/24/2005
temp5, Sophia Miller, 11/16/2012
temp6, Ethan Wilson, 03/09/2018
temp7, Grace Robinson, 12/31/2006
temp8, Jackson Clark, 02/23/2015
temp9, Lily Baker, 04/17/2008
temp10, Benjamin Turner, 09/10/2016
temp11, Ava Smith, 11/05/2019
temp12, Samuel Anderson, 06/28/2011
temp13, Olivia Harris, 08/21/2014
temp14, Emma Adams, 10/14/2017
temp15, Henry Turner, 02/06/2010
temp16, Chloe Scott, 05/02/2004
temp17, Jackson Davis, 12/26/2013
temp1, Mia Baker, 04/19/2007
temp2, Noah Robinson, 09/11/2016
temp3, Sophia Turner, 07/05/2018
temp4, Liam Harris, 06/29/2010
temp5, Ava Adams, 03/21/2009
temp6, Emma Baker, 10/14/2012
temp7, Benjamin Davis, 01/07/2006
temp8, Grace Turner, 08/29/2014
temp9, Jackson Moore, 11/20/2007
temp10, Olivia Robinson, 09/13/2011
temp11, Mason Davis, 07/06/2017
temp12, Sophia Smith, 05/31/2019
temp13, Lily Martin, 06/24/2008
temp14, Ethan Harris, 03/19/2012
temp15, Ava Wilson, 08/12/2013
temp16, Benjamin Baker, 04/05/2007
temp17, Chloe Turner, 12/28/2015
temp1, Emma Clark, 10/21/2009
temp2, Jackson Turner, 01/14/2014
temp3, Mia Robinson, 02/06/2017
temp4, Liam Baker, 06/30/2012
temp5, Sophia Wilson, 11/23/2005
temp6, Benjamin Turner, 09/16/2014
temp7, Grace Adams, 07/09/2006
temp8, Jackson Harris, 02/02/2018
temp9, Olivia Davis, 10/26/2011
temp10, Ava Smith, 12/19/2013
temp11, Emma Baker, 07/12/2009
temp12, Benjamin Wilson, 09/05/2015
temp13, Lily Turner, 05/29/2003
temp14, Mason Davis, 06/21/2006
temp15, Sophia Robinson, 04/14/2014
temp16, Olivia Baker, 03/08/2010
temp17, Ethan Harris, 08/31/2012
temp1, Ava Adams, 11/24/2018
temp2, Benjamin Turner, 01/17/2005
temp3, Emma Clark, 07/10/2011
temp4, Jackson Turner, 10/02/2016
temp5, Olivia Wilson, 08/22/2007
temp6, Lucas Turner, 03/04/2001
temp7, Sophia Lee, 07/19/2005
temp8, Jackson Davis, 05/14/2011
temp9, Emma Baker, 06/21/2002
temp10, Benjamin Harris, 10/14/2017
temp11, Ava Turner, 04/11/2008
temp12, Lily Scott, 11/26/2010
temp13, Ethan Robinson, 08/17/2003
temp14, Mia Turner, 10/13/2011
temp15, Noah Baker, 06/26/2007
temp16, Grace Harris, 05/19/2015
temp17, Jackson Turner, 12/10/2009
temp1, Olivia Robinson, 03/04/2018
temp2, Mason Davis, 01/28/2007
temp3, Sophia Smith, 04/21/2016
temp4, Lily Baker, 09/16/2014
temp5, Benjamin Turner, 07/01/2017
temp6, Emma Clark, 02/12/2010
temp7, Jackson Turner, 03/29/2013
temp8, Mia Adams, 05/24/2005
temp9, Sophia Miller, 11/16/2012
temp10, Ethan Wilson, 03/09/2018
temp11, Grace Robinson, 12/31/2006
temp12, Jackson Clark, 02/23/2015